Model,Accuracy (%),AUC,Precision_Macro (%),Recall_Macro (%),F1_Macro (%),Precision_Diabetes (%),Recall_Diabetes (%),F1_Diabetes (%),Sensitivity (%),Specificity (%),Avg_Inference_Time (ms),Inference_Per_Sample (ms),Total_Samples
MobileNetV3-Small,97.52475247524752,0.9970652387020881,97.56671899529043,97.52475247524752,97.52420639784287,96.15384615384616,99.00990099009901,97.5609756097561,99.00990099009901,96.03960396039604,10.56921393564432,0.013080710316391487,808
ResNet50,97.89603960396039,0.9940508283501618,97.89633305762338,97.89603960396039,97.89603638129284,98.01488833746899,97.77227722772277,97.89343246592317,97.77227722772277,98.01980198019803,11.513760184297468,0.014249703198387954,808
EfficientNet-B0,96.53465346534654,0.9968814331928242,96.60775650466373,96.53465346534654,96.53329410610965,94.76190476190476,98.51485148514851,96.60194174757282,98.51485148514851,94.55445544554455,15.846675575369655,0.019612222246744623,808
MobileNetV2,96.9059405940594,0.9972306636604253,96.98914237664721,96.9059405940594,96.90457035589779,95.01187648456056,99.00990099009901,96.96969696969697,99.00990099009901,94.80198019801979,10.125767771560367,0.012531890806386593,808
CustomCNN,94.18316831683168,0.9818706499362807,94.3813966655794,94.18316831683168,94.17666587439717,91.415313225058,97.52475247524752,94.37125748502993,97.52475247524752,90.84158415841584,1.8635164983201735,0.002306332299901205,808
